col 1-3 : short period comet designation,col 4-9 : Standard comet designation,col 10 : multiple nuclei present?,col 12-15 : year observed,col 17-18 : month observed,col 20-24,col 26 : special note / extinction note,col 27 : Magnitude collection method,col 28-32 : visual magnitude estimate,col 33 : poor conditions?,col 34 - 35 : reference catalog,col 36-40 : instrument aperture in centimeters,col 41 : instrument type,col 42 - 43 : focal ratio,col 44-47 : magnification used,col 49 : error estimate for coma diameter,col 50 - 54 : coma diameter in arcminutes,col 55 : special note on central condensation of comet,col : 56 -57 : degree of condensation (note / means estimate),col 59 - 64 : error of tail approximation and tail approximation,col 65 - 67 : direction tail is pointed,col 69-74 : ICQ reference publication,col 75 : second special note / extinction note ,col 76-80 : observer name,Heliocentric Distance (au),heliocentric corrected magnitudes (mhelio),magnitudes with heliocentric and phase corrections applied (mph),Dates YYYY:MM:DDTHH:MM:SS,Delta (au),Phase angle,Julian Date
,2020F3,,2020,07,10.45,!,B,1.5,,AU,5.0,B,,20,>,4,S,8,1.0,0,ICQ XX,,PARac,0.361382051194,1.6883800515259955,1.1488530649783977,2020-07-10T10:48:00,0.91690425830808,95.3764,2459040.916666667
,2020F3,,2020,07,10.22,G,S,1.8,,TK,5.0,B,,10,,5,S,6,,,NAV02,,NAV02,0.358148695033,1.9738442834706236,1.4343172969230258,2020-07-10T05:16:48,0.92306257538769,94.606,2459040.729166667
,2020F3,,2020,07,10.06,a,M,1.5,,HV,6.3,B,,9,,4.5,S,8,4.5,320,ICQ XX,,KAM01,0.355318462062,1.660900453707189,1.0931709411353685,2020-07-10T01:26:24,0.92858124819312,93.9017,2459040.5625
,2020F3,,2020,07,09.95,s,B,1.8,,TK,5.0,B,,10,&,2,,8,20.0,330,ICQ XX,,KAR02,0.35287711275,1.9495600154474733,1.3543796114987958,2020-07-09T22:47:59,0.93344341629147,93.2703,2459040.416666667
,2020F3,,2020,07,09.93,!,I,2.1,,TK,0.0,E,,,,0.4,,8,20.0,320,ICQ XX,,TSV01,0.353223828941,2.2511808022206488,1.6560003982719713,2020-07-09T22:19:12,0.93274695417779,93.3613,2459040.4375
,2020F3,,2020,07,09.22,G,S,1.8,,TK,5.0,B,,10,,5,S,6,,,NAV02,,NAV02,0.341841605081,1.8959970319942188,1.2219432034633262,2020-07-09T05:16:48,0.95675467632607,90.1053,2459039.729166667
,2020F3,,2020,07,07.13,,B,1.4,,TK,8.0,B,,11,,3,,8,190.0,,ICQ XX,,LAB02,0.313972397419,1.333506816111514,0.4171779550604804,2020-07-07T03:07:11,1.03109489530432,78.5743,2459037.625
,2020F3,,2020,07,07.08,a,S,1.5,,HV,6.3,B,,9,,4,S,8,2.0,310,ICQ XX,,KAM01,0.313085098835,1.427191427992829,0.4925288745813008,2020-07-07T01:55:12,1.03409803862479,78.0651,2459037.541666667
,2020F3,,2020,07,07.07,a,M,1.8,,TK,5.0,B,,10,,,,8,0.8,310,ICQ XX,,MEY,0.313305198282,1.728769018818243,0.7941064654067147,2020-07-07T01:40:48,1.03334703156225,78.1928,2459037.5625
,2020F3,,2020,07,07.06,,S,1.5,,TI,4.4,B,,8,,,,8,20.0,305,ICQ XX,,HAR11,0.313305198282,1.428769018818243,0.49410646540671466,2020-07-07T01:26:24,1.03334703156225,78.1928,2459037.5625
,2020F3,,2020,07,07.03,s,M,2.0,,TK,4.0,B,,8,,1,,8,,,ICQ XX,,CER01,0.312866155117,1.9256146872612696,0.9909521338497413,2020-07-07T00:43:11,1.03484918637216,77.9373,2459037.520833333
,2020F3,,2020,07,06.11,,B,2.0,,TK,5.0,B,,7,,0.5,,8,0.5,310,ICQ XX,,DASab,0.304426191523,1.8571931131043298,0.825066858740189,2020-07-06T02:38:24,1.06797571529171,72.1085,2459036.604166667
,2020F3,,2020,07,06.06,,S,1.0,,TK,0.0,E,,,,,,,0.8,,,,VOL,0.304100270025,0.8541327133230724,-0.17799354104106835,2020-07-06T01:26:24,1.0694819453146,71.8349,2459036.5625
,2020F3,,2020,07,06.06,,S,1.8,,TK,6.0,B,5,10,,,,8,1.0,300,ICQ XX,,CSO,0.304100270025,1.6541327133230725,0.6220064589589318,2020-07-06T01:26:24,1.0694819453146,71.8349,2459036.5625
,2020F3,,2020,07,06.05,!,I,1.5,,TT,0.0,E,,,<,1,,8,1.0,300,ICQ XX,,DRAac,0.303939261297,1.3526043025303673,0.3204780481662266,2020-07-06T01:12:07,1.07023497498354,71.6979,2459036.541666667
,2020F3,,2020,07,05.14,,B,1.6,,TK,8.0,B,,11,,3,,7,80.0,,ICQ XX,,LAB02,0.298285058821,1.3881103954985166,0.28157760064728454,2020-07-05T03:21:36,1.1024982807609,65.6689,2459035.645833333
,2020F3,,2020,07,05.05,!,E,0.5,,TK,0.0,E,0,,<,5,S,7,0.5,,KUSxx,,KUSab,0.297793251823,0.28077978551322375,-0.8357264391770762,2020-07-05T01:12:07,1.10622646174174,64.9537,2459035.541666667
,2020F3,,2020,07,04.06,,I,2.7,,HJ,0.0,E,,,,,,,,,ICQ XX,,BIEaa,0.294928235602,2.4138227590944563,1.2482529050562514,2020-07-04T01:26:24,1.1408681295776,58.1547,2459034.5625
,2020F3,,2020,06,08.35,,M,7.0,,TT,7.0,B,,15,,5,,6,,,ICQ XX,,MAT08,0.762111217087,6.0170916130270795,5.024681753653383,2020-06-08T08:23:59,1.5724674972831,32.4326,2459008.854166667
,2020F3,,2020,06,07.35,,M,7.3,,TT,7.0,B,,15,,5,,6,,,ICQ XX,,MAT08,0.78386132808,6.309380497001224,5.300598331342584,2020-06-07T08:23:59,1.57806141326747,33.0167,2459007.854166667
,2020F3,,2020,06,05.34,x,M,7.5,,TK,7.0,B,,15,,4,,4,,,ICQ XX,,WYA,0.827446628796,6.495549836349044,5.471260845644449,2020-06-05T08:09:36,1.58814456519056,34.0684,2459005.833333333
,2020F3,,2020,06,04.34,x,M,7.5,,TK,7.0,B,,15,,4.4,,4/,,,ICQ XX,,WYA,0.8488276127,6.489506842657695,5.450334903576522,2020-06-04T08:09:36,1.59257037041857,34.5307,2459004.833333333
,2020F3,,2020,06,03.34,x,M,7.7,,TK,7.0,B,,15,,4.5,,4,,,ICQ XX,,WYA,0.870082947314,6.683954988424994,5.644783049343822,2020-06-03T08:09:36,1.59664734190862,34.9578,2459003.833333333
,2020F3,,2020,05,30.92,,M,7.3,,TK,10.0,B,,20,,8,,4,,,ICQ XX,,GOI,0.941753413356,6.2683472254136365,5.215518047078708,2020-05-30T22:04:48,1.60816481111922,36.1804,2459000.416666667
,2020F3,,2020,05,30.41,,M,7.9,,TK,8.0,B,,20,,4,,4,,,ICQ XX,,CAM03,0.952981153145,6.866309953786507,5.813480775451579,2020-05-30T09:50:24,1.60967429652762,36.3437,2458999.875
,2020F3,,2020,05,30.35,x,M,8.1,,TK,7.0,B,,15,,5,,5/,,,ICQ XX,,WYA,0.953412259132,7.06623382225431,6.013404643919382,2020-05-30T08:23:59,1.60973073248244,36.3499,2458999.854166667
,2020F3,,2020,05,29.41,,M,8.0,,TK,8.0,B,,20,,4,,4,,,ICQ XX,,CAM03,0.973613497055,6.962836591717332,5.897045824451827,2020-05-29T09:50:24,1.6122510990289,36.6255,2458998.875
,2020F3,,2020,05,29.37,,M,8.1,,TT,7.0,B,,15,,5,,4,,,ICQ XX,,MAT08,0.974470493886,7.062699746182074,5.996908978916569,2020-05-29T08:52:47,1.61235270580769,36.6367,2458998.833333333
,2020F3,,2020,05,28.92,,S,7.7,,TK,5.0,B,,7,,8,,3/,,,ICQ XX,,GOI,0.983028707454,6.6613650691082915,5.595574301842786,2020-05-28T22:04:48,1.61334402932738,36.7463,2458998.416666667
,2020F3,,2020,05,28.90,,S,8.1,,TK,10.0,B,,25,,2,,4,,,ICQ XX,,DES01,0.983456058028,7.0612999337538636,5.995509166488358,2020-05-28T21:36:00,1.61339242382265,36.7517,2458998.395833333
,2020F3,,2020,05,28.89,,S,7.8,,TK,9.0,R,,36,,3,,4,,,,,AMO01,0.983456058028,6.761299933753864,5.695509166488359,2020-05-28T21:21:35,1.61339242382265,36.7517,2458998.395833333
,2020F3,,2020,05,28.35,x,M,8.1,,TK,7.0,B,,15,,5.6,,5,,,ICQ XX,,WYA,0.994548514062,7.059658927767755,5.99386816050225,2020-05-28T08:23:59,1.61461214334167,36.8877,2458997.854166667
,2020F3,,2020,05,27.91,,S,8.3,,TK,10.0,B,,25,,3,,4,,,ICQ XX,,DES01,1.00433123084,7.2582900216888895,6.192499254423384,2020-05-27T21:50:24,1.615630323076,37.0024,2458997.375
,2020F3,,2020,05,27.89,,S,8.2,,TK,9.0,R,,36,,3,,4,,,,,AMO01,1.003906475635,7.158347952739651,6.092557185474146,2020-05-27T21:21:35,1.61558722148586,36.9975,2458997.395833333
,2020F3,,2020,05,27.35,x,M,8.4,,TK,7.0,B,,15,,6.6,,6,,,ICQ XX,,WYA,1.014933032881,7.356887783434644,6.291097016169139,2020-05-27T08:23:59,1.61667396068767,37.121,2458996.854166667
,2020F3,,2020,05,26.91,,S,8.3,,TK,10.0,B,,25,,3,,3,,,ICQ XX,,DES01,1.024657804446,7.255674482324984,6.189883715059479,2020-05-26T21:50:24,1.61757752289612,37.2249,2458996.375
,2020F3,,2020,05,26.89,,S,8.2,,TK,9.0,R,10,36,,3,,4,,,,,AMO01,1.024235561587,7.155725732157181,6.089934964891676,2020-05-26T21:21:35,1.61753934622025,37.2204,2458996.395833333
,2020F3,,2020,05,25.92,,S,8.0,,TK,5.0,B,,7,,10,,4,,,ICQ XX,,GOI,1.044024983886,6.953460770232866,5.8876700029673605,2020-05-25T22:04:48,1.61922740653271,37.4177,2458995.416666667
,2020F3,,2020,05,25.91,,S,8.4,,TK,10.0,B,,25,,,,,,,ICQ XX,,DES01,1.044864560103,7.353370785747457,6.287580018481952,2020-05-25T21:50:24,1.61929450771406,37.4256,2458995.375
,2020F3,,2020,05,25.89,,S,8.5,,TK,9.0,R,10,36,,3,,4,,,,,AMO01,1.044444797663,7.45341571393613,6.387624946670625,2020-05-25T21:21:35,1.61926100454072,37.4217,2458995.395833333
,2020F3,,2020,05,25.38,,S,8.5,,TT,10.0,B,,25,,5,,4,,,ICQ XX,,MAT08,1.054923495406,7.452330549377413,6.37459408683461,2020-05-25T09:07:12,1.62007041099634,37.5182,2458994.875
,2020F3,,2020,05,24.41,,M,8.0,,TK,8.0,B,,20,,8,,4,,,ICQ XX,,CAM03,1.074953498911,6.950462909577564,5.872726447034761,2020-05-24T09:50:24,1.62146440039879,37.6883,2458993.875
,2020F3,,2020,05,23.91,,S,8.6,,TK,9.0,R,10,36,,3,,4,,,,,AMO01,1.08492498488,7.549631430968401,6.471894968425598,2020-05-23T21:50:24,1.62208539429843,37.766,2458993.375
,2020F3,,2020,05,22.29,,S,8.4,,TT,5.0,B,,7,,8,,3,,,ICQ XX,,RAE,1.117135032781,7.347371622535967,6.269635159993164,2020-05-22T06:57:35,1.62377434519545,37.9862,2458991.75
,2020F3,,2020,05,21.32,,S,8.6,,TT,20.3,L,6,42,,6,,3,,,ICQ XX,,RAE,1.135582633787,7.546356581849226,6.468620119306423,2020-05-21T07:40:48,1.62453354540392,38.0917,2458990.8125
,2020F3,,2020,05,20.90,,S,8.9,,TK,9.0,R,,36,,3,,2,,,,,AMO01,1.143750323301,7.8459689547029825,6.7682324921601795,2020-05-20T21:36:00,1.62482356498118,38.1338,2458990.395833333
,2020F3,,2020,05,20.31,,S,8.5,,TT,6.3,B,,9,,8,,3,,,ICQ XX,,RAE,1.155153118562,7.445489079109227,6.367752616566424,2020-05-20T07:26:23,1.62518267584562,38.1877,2458989.8125
,2020F3,,2020,05,19.93,,S,9.1,,TK,10.0,B,,20,,6,,2/,,,ICQ XX,,GOI,1.162463936249,8.045218044200984,6.967481581658181,2020-05-19T22:19:12,1.62538553761178,38.2193,2458989.4375
,2020F3,,2020,05,19.90,,S,8.9,,TK,9.0,R,,36,,3,,3/,,,,,AMO01,1.163275309946,7.84518969557212,6.767453233029317,2020-05-19T21:36:00,1.62540675720082,38.2227,2458989.395833333
,2020F3,,2020,05,18.91,,S,9.2,,TK,9.0,R,,90,,2,,3,,,,,AMO01,1.183095735086,8.144601661225995,7.066865198683192,2020-05-18T21:50:24,1.62584697666744,38.2967,2458988.375
,2020F3,,2020,05,18.42,,S,8.7,,TK,8.0,R,5,36,,6,,3,,,ICQ XX,,CAM03,1.191958606331,7.64440169035613,6.566665227813327,2020-05-18T10:04:48,1.62599670779157,38.3246,2458987.916666667
,2020F3,,2020,05,18.28,,S,9.3,,TT,6.3,B,,9,,7,,2/,,,ICQ XX,,RAE,1.194773961646,8.244346037407828,7.166609574865025,2020-05-18T06:43:12,1.62603838120632,38.3327,2458987.770833333
,2020F3,,2020,05,17.93,,S,9.2,,TK,10.0,B,,20,,4,,2,,,ICQ XX,,GOI,1.201200675029,8.14423292316854,7.0664964606257366,2020-05-17T22:19:12,1.6261230854302,38.3502,2458987.4375
,2020F3,,2020,05,17.90,,S,9.1,,TK,9.0,R,,36,,3,,3,,,,,AMO01,1.202003196345,8.044220142822699,6.966483680279896,2020-05-17T21:36:00,1.62613265611435,38.3523,2458987.395833333
,2020F3,,2020,05,17.37,x,M,9.2,,TK,25.0,L,5,40,,5.5,,5/,,,ICQ XX,,WYA,1.212819538051,8.144076396697443,7.06633993415464,2020-05-17T08:52:47,1.62624030565411,38.3775,2458986.833333333
,2020F3,,2020,05,17.29,,S,9.3,,U4,11.4,L,4,19,,6,,3,,,ICQ XX,,RAE,1.214419167299,8.244059571088954,7.166323108546151,2020-05-17T06:57:35,1.62625290659188,38.3809,2458986.75
,2020F3,,2020,05,16.93,,S,9.5,,TK,22.0,L,6,60,,3,,2/,,,ICQ XX,,GOI,1.22041139465,8.444006464690933,7.36627000214813,2020-05-16T22:19:12,1.62629267936995,38.3925,2458986.4375
,2020F3,,2020,05,16.38,,S,9.4,,TT,10.0,B,,25,,4,,3,,,ICQ XX,,MAT08,1.231172144385,8.343949493695284,7.266213031152481,2020-05-16T09:07:12,1.62633534752828,38.4097,2458985.875
,2020F3,,2020,05,16.35,x,M,9.1,,TK,25.0,L,5,40,,4.2,,5/,,,ICQ XX,,WYA,1.231570070098,8.043948311278832,6.966211848736029,2020-05-16T08:23:59,1.62633623310536,38.4102,2458985.854166667
,2020F3,,2020,05,15.90,,S,9.7,,TK,9.0,R,,90,,2,,3,,,,,AMO01,1.240313286375,8.643938517317096,7.566202054774293,2020-05-15T21:36:00,1.62634356836354,38.4207,2458985.395833333
,2020F3,,2020,05,15.39,,S,9.8,,TT,10.0,B,,25,,3,,3,,,ICQ XX,,MAT08,1.249827147676,8.743962107564087,7.666225645021284,2020-05-15T09:21:35,1.62632590033428,38.4288,2458984.895833333
,2020F3,,2020,05,14.90,,S,9.6,,TK,9.0,R,,90,,2,,3,,,,,AMO01,1.259315970204,8.544019737890753,7.46628327534795,2020-05-14T21:36:00,1.62628273863037,38.4333,2458984.395833333
,2020F3,,2020,05,14.46,,S,9.3,,TK,8.0,B,,20,,8,,2,,,ICQ XX,,CAM03,1.267598315681,8.244096697930257,7.166360235387454,2020-05-14T11:02:24,1.62622510190177,38.4344,2458983.958333333
,2020F3,,2020,05,14.36,x,M,9.7,,TK,25.0,L,5,40,,5,,3/,,,ICQ XX,,WYA,1.269567516287,8.644118533646413,7.56638207110361,2020-05-14T08:38:24,1.62620874912149,38.4342,2458983.854166667
,2020F3,,2020,05,13.47,,S,9.5,,TK,8.0,B,,20,,8,,2,,,ICQ XX,,CAM03,1.286066826779,8.444352434597135,7.3666159720543325,2020-05-13T11:16:48,1.62603359088065,38.4273,2458982.979166667
,2020F3,,2020,05,11.90,,S,9.8,,TK,9.0,R,,36,,2,,3,,,,,AMO01,1.315734756189,8.744981737654742,7.667245275111939,2020-05-11T21:36:00,1.62556242686936,38.3889,2458981.395833333
,2020F3,,2020,05,11.45,,S,10.3,,TJ,25.0,L,5,60,,2,,2,,,ICQ XX,,PEA,1.324666266926,9.245217754803601,8.167481292260797,2020-05-11T10:48:00,1.62538575423086,38.3709,2458980.916666667
,2020F3,,2020,05,11.44,,S,9.5,,TK,40.6,L,4,76,,4,,2,,,ICQ XX,,CAM03,1.324278388722,8.445207098013595,7.367470635470792,2020-05-11T10:33:36,1.62539373104746,38.3717,2458980.9375
,2020F3,,2020,05,11.38,x,M,9.8,,TK,25.0,L,5,40,,5.2,,4,,,ICQ XX,,WYA,1.325441901416,8.745239173029848,7.667502710487045,2020-05-11T09:07:12,1.6253697223863,38.3692,2458980.875
,2020F3,,2020,05,10.95,,S,10.0,,TK,22.0,L,6,60,,3,,3,,,ICQ XX,,GOI,1.333963183229,8.945483707503707,7.867747244960904,2020-05-10T22:47:59,1.62518669609059,38.349,2458980.416666667
,2020F3,,2020,05,10.45,,S,10.6,,TJ,25.0,L,5,60,,2,,2,,,ICQ XX,,PEA,1.343236884555,9.54576805091987,8.468031588377066,2020-05-10T10:48:00,1.62497389998008,38.324,2458979.916666667
,2020F3,,2020,05,09.90,,S,9.8,,TK,9.0,R,,90,,,,3,,,,,AMO01,1.352872513759,8.746081943962306,7.668345481419503,2020-05-09T21:36:00,1.6247390219614,38.2947,2458979.395833333
,2020F3,,2020,05,09.44,,S,9.5,,TK,40.6,L,4,76,,5,,2,,,ICQ XX,,CAM03,1.361331377915,8.446371595213904,7.368635132671101,2020-05-09T10:33:36,1.62452231356412,38.2661,2458978.9375
,2020F3,,2020,05,09.39,,S,10.0,,TT,10.0,B,,25,,3,,2/,,,ICQ XX,,MAT08,1.362099419828,8.946398501931155,7.868662039388352,2020-05-09T09:21:35,1.62450218423088,38.2634,2458978.895833333
,2020F3,,2020,05,08.44,,S,10.0,,TK,40.6,L,4,165,,3,,2,,,ICQ XX,,CAM03,1.379721232474,8.947040625767698,7.8693041632248955,2020-05-08T10:33:36,1.62402187540726,38.1952,2458977.9375
,2020F3,,2020,05,03.45,,S,10.1,,AQ,40.6,L,4,76,,3,,2,,,ICQ XX,,CAM03,1.47073654232,9.05072805855865,7.972991596015848,2020-05-03T10:48:00,1.62126642257305,37.6679,2458972.916666667
,2020F3,,2020,05,02.46,,S,10.3,,AQ,40.6,L,4,76,,5,,2,,,ICQ XX,,CAM03,1.487868496822,9.251404821853253,8.173668359310449,2020-05-02T11:02:24,1.62076121576537,37.5366,2458971.958333333
,2020F3,,2020,05,01.46,,S,10.1,,TK,40.6,L,4,76,,4,,2,,,ICQ XX,,CAM03,1.505666274946,9.052071106083945,7.98628033881844,2020-05-01T11:02:24,1.62026398541687,37.3898,2458970.958333333
,2020F3,,2020,04,28.46,,S,10.2,,TK,40.6,L,4,76,,6,,2,,,ICQ XX,,CAM03,1.558587875279,9.153689661771521,8.087898894506015,2020-04-28T11:02:24,1.61905673527852,36.8912,2458967.958333333
,2020F3,,2020,04,27.45,,S,10.0,,TK,40.6,L,4,76,,4,,2,,,ICQ XX,,CAM03,1.576802276808,8.954069282140965,7.88827851487546,2020-04-27T10:48:00,1.61877371386347,36.6987,2458966.916666667
,2020F3,,2020,04,26.94,,S,11.3,,AU,22.0,L,6,160,,2,,2/,,,ICQ XX,,GOI,1.585153660469,10.254204686095795,9.188413918830289,2020-04-26T22:33:36,1.61867277703914,36.6069,2458966.4375
,2020F3,,2020,04,26.40,,S,10.7,,TT,20.0,L,6,70,,5,,2,,,ICQ XX,,MAT08,1.594573904587,9.654325331620644,8.58853456435514,2020-04-26T09:36:03,1.61858284718278,36.5007,2458965.895833333
,2020F3,,2020,04,26.31,,S,12.0,,U4,20.0,L,5,96,,1,,3,,,ICQ XX,,RAE,1.59602125759,10.954340704648065,9.901511526313136,2020-04-26T07:26:23,1.61857138840011,36.4841,2458965.8125
,2020F3,,2020,04,25.45,,S,10.3,,TK,40.6,L,4,76,,3,,2,,,ICQ XX,,CAM03,1.611548295926,9.254449165383487,8.20161998704856,2020-04-25T10:48:00,1.61849054599189,36.3024,2458964.916666667
,2020F3,,2020,04,25.38,x,S,10.3,,TK,25.0,L,5,40,,6,,3,,,ICQ XX,,WYA,1.612269065858,9.254451587717515,8.201622409382587,2020-04-25T09:07:12,1.61848874052454,36.2938,2458964.875
,2020F3,,2020,04,24.40,x,S,10.8,,AQ,40.0,L,4,59,,4.9,,2/,,,ICQ XX,,WYA,1.629171229605,9.754436950174767,8.70160777183984,2020-04-24T09:36:03,1.61849965053098,36.0873,2458963.895833333
,2020F3,,2020,04,24.31,,S,11.6,,U4,20.0,L,5,96,,1,,3,,,ICQ XX,,RAE,1.630606546761,10.55442913828204,9.501599959947113,2020-04-24T07:26:23,1.6185054731094,36.0694,2458963.8125
,2020F3,,2020,04,23.44,,S,10.5,,AQ,40.6,L,4,76,,3,,2,,,ICQ XX,,CAM03,1.645647696037,9.45428116307154,8.401451984736612,2020-04-23T10:33:36,1.61861577008925,35.8778,2458962.9375
,2020F3,,2020,04,22.45,x,M,10.3,,AQ,40.0,L,4,59,,5,,3/,,,ICQ XX,,WYA,1.663127878201,9.253947481025211,8.201118302690283,2020-04-22T10:48:00,1.61886451583428,35.6469,2458961.916666667
,2020F3,,2020,04,22.44,,S,10.5,,AQ,40.6,L,4,76,,3,,2,,,ICQ XX,,CAM03,1.662771863083,9.453956114179842,8.401126935844914,2020-04-22T10:33:36,1.61885807970373,35.6517,2458961.9375
,2020F3,,2020,04,21.94,,S,11.8,,AU,22.0,L,6,160,,1,,3/,,,ICQ XX,,GOI,1.671307969991,10.753727129621563,9.700897951286635,2020-04-21T22:33:36,1.61902879937137,35.5358,2458961.4375
,2020F3,,2020,04,20.41,,S,12.0,,U4,20.0,L,6,70,,2,,2,,,ICQ XX,,MAT08,1.69787336747,10.952703578402653,9.91353163932148,2020-04-20T09:50:24,1.6197921291363,35.1624,2458959.875
,2020F3,,2020,04,19.46,,S,11.6,,AQ,40.6,L,4,76,,4,,2,,,ICQ XX,,CAM03,1.713382002344,10.551870752129265,9.512698813048091,2020-04-19T11:02:24,1.62041348824831,34.9356,2458958.958333333
,2020F3,,2020,04,19.39,x,S,11.4,,AQ,40.0,L,4,59,,3.2,,3,,,ICQ XX,,WYA,1.71443737739,10.3518073675779,9.312635428496726,2020-04-19T09:21:35,1.62046078826491,34.92,2458958.895833333
,2020F3,,2020,04,18.47,,M,12.0,,AQ,40.6,L,4,76,,5,,3,,,ICQ XX,,CAM03,1.729886683423,10.950777207533042,9.911605268451869,2020-04-18T11:16:48,1.62122972734277,34.6875,2458957.979166667
,2020F3,,2020,04,16.44,,S,12.6,,AQ,40.6,L,4,76,,5,,2,,,ICQ XX,,CAM03,1.764100662675,11.547767447143494,10.523478456438898,2020-04-16T10:33:36,1.62347838413973,34.1518,2458955.9375
,2020F3,,2020,04,16.42,,S,12.2,,U4,20.0,L,6,70,,2,,2,,,ICQ XX,,MAT08,1.764448411421,11.147731378669063,10.123442387964467,2020-04-16T10:04:48,1.62350535057718,34.1462,2458955.916666667
,2020F3,,2020,04,14.45,,S,13.0,,AQ,40.6,L,4,165,,2,,2/,,,ICQ XX,,CAM03,1.797705559302,11.94373179922196,10.919442808517363,2020-04-14T10:48:00,1.6264983990885,33.5998,2458953.916666667
,2020F3,,2020,04,12.45,,M,13.2,,AQ,40.6,L,4,76,,2,,2,,,ICQ XX,,CAM03,1.830716513414,12.1386076201866,11.12982545452796,2020-04-12T10:48:00,1.63034109606342,33.0354,2458951.916666667
,2020F3,,2020,04,11.38,x,S,13.5,,AQ,25.0,L,5,125,,0.7,,2/,,,ICQ XX,,WYA,1.847814461401,12.435464324429903,11.426682158771264,2020-04-11T09:07:12,1.63270279086732,32.7353,2458950.875
